0.0521473,0,5.70123,58.0942
0.947316,1,-2.39985,7.68283
0.0468687,0,4.8698,70.8639
0.071928,0,1.60606,45.2548
0.898507,0,-2.01208,15.9791
0.0467078,0,7.96772,92.0223
0.046839,0,4.78754,71.587
0.949563,1,-2.90196,0.94277
0.0487858,0,3.33978,58.0414
0.949893,1,-1.6998,-5.51666
0.949864,1,-2.20709,-2.88009
0.158354,0,2.51552,41.1412
0.949817,1,-0.928335,2.62986
0.742045,1,-2.17398,18.8461
0.0623899,0,3.08963,49.4352
0.101246,0,4.46566,47.8028
0.937719,1,-3.37615,7.94683
0.0739183,1,1.83345,45.2898
0.83483,1,-0.835798,21.8863
0.826226,1,-2.3999,16.6622
0.0474472,0,5.63697,65.7133
0.947087,1,3.07127,23.3884
0.732595,0,-0.796519,23.6646
0.945889,1,-2.78304,7.42647
0.0467188,0,6.8732,84.0261
0.0467085,0,7.29458,90.2602
0.0501945,0,1.93687,53.8841
0.0467827,0,5.61389,75.0399
0.949594,1,4.12865,16.2543
0.0467629,0,5.75999,76.4809
0.936191,1,-3.24474,8.67907
0.0467468,0,2.24687,72.9256
0.649615,0,3.05888,36.7089
0.0829549,0,3.57143,47.1541
0.949907,1,-5.65922,-23.9222
0.949751,1,-5.91899,-11.224
0.938311,1,-6.60508,-3.62003
0.949882,1,-2.59392,-5.62779
0.0594458,0,3.34762,50.667
0.949907,1,-2.23858,-17.448
0.415924,1,1.62792,34.6879
0.943458,0,0.558114,19.6276
0.949877,1,-2.42675,-4.56336
0.0467641,0,5.64834,76.2403
0.051626,0,4.24753,55.8829
0.0494652,0,3.55476,57.1817
0.949518,1,-2.42828,2.7841
0.069446,0,3.75179,49.1586
0.949846,1,-2.93158,-3.84293
0.946535,1,-1.14651,12.528
0.948676,1,1.60229,17.365
0.054878,0,1.6991,50.0068
0.949869,1,-1.92144,-2.63351
0.948123,1,-2.07857,7.8431
0.949893,1,-1.6505,-5.32197
0.0519304,0,2.72923,53.3393
0.949907,1,-4.88113,-26.561
0.50992,0,3.5146,39.215
0.923923,1,-0.86412,18.3975
0.949395,1,-3.819,-1.11594
0.909572,1,-2.02853,15.3774
0.949908,1,-7.35711,-43.8637
0.949907,1,-2.61334,-20.4954
0.130943,0,1.61853,40.4365
0.949877,1,-5.02521,-12.252
0.901586,1,2.10709,29.4867
0.0467526,0,6.34615,78.1297
0.0542926,0,5.69277,56.9021
0.891102,0,-1.90839,16.6431
0.949647,1,-1.67646,3.97673
0.947521,1,-3.99549,1.9754
0.949624,1,-0.218544,8.15504
0.0482539,0,2.13843,57.5704
0.903885,1,1.84874,28.5804
0.0677162,0,2.48916,47.3315
0.94865,1,-1.25292,9.62463
0.0484853,0,4.59838,60.5434
0.949372,1,-3.90015,-1.28578
0.94606,1,-4.19812,2.38665
0.898734,1,0.265223,23.7429
0.513181,0,-3.03999,19.4345
0.949907,1,-3.95596,-20.5213
0.0471183,0,4.05218,65.8187
0.0483902,0,3.22532,58.7563
0.947067,1,-3.63416,3.64845
0.949907,1,-7.3788,-29.3174
0.0909379,0,0.428652,41.2182
0.949907,1,-3.21327,-27.3041
0.0530319,0,5.76556,57.6904
0.949218,1,-1.87734,6.05194
0.0556405,0,6.2804,57.6915
0.0596458,0,1.2856,47.5182
0.949908,1,-5.80783,-38.6412
0.283346,0,-1.43564,29.8884
0.613761,0,3.06138,37.0352
0.772763,0,1.73715,31.3523
0.949864,1,-4.4043,-9.30955
0.0469136,0,5.40852,70.619
0.0475759,0,7.33917,68.0647
0.949899,1,-3.41002,-11.3566
0.498884,0,1.83959,34.4593
0.757172,1,0.956469,29.0893
0.949833,1,-2.41569,-1.8106
0.929281,1,-4.02369,6.85583
0.124712,0,2.95372,43.2878
0.0998027,0,2.1537,43.1658
0.0488331,0,1.77823,55.7308
0.0484495,0,2.46621,57.5333
0.046907,0,4.71103,69.7558
0.935788,1,-5.55674,0.55939
0.0467238,0,4.19692,79.0044
0.23369,0,-2.76919,29.5022
0.949907,1,-7.81286,-30.5276
0.949665,1,-0.120212,7.85529
0.0477702,0,2.16332,59.178
0.949842,1,-0.27142,2.8399
0.949908,1,-3.46801,-28.9804
0.056635,0,1.03042,48.2496
0.949694,1,-2.82591,-0.0688802
0.94536,1,0.367261,18.1041
0.433411,1,0.245166,30.6166
0.0472721,0,4.39688,64.9852
0.084518,0,1.39683,43.3002
0.0589292,0,1.94563,48.7042
0.949903,1,-3.55907,-13.5723
0.625552,0,3.84245,39.2134
0.17486,1,3.37973,42.7
0.949355,1,-3.06958,1.59676
0.949853,1,0.489074,3.50914
0.0651671,1,2.99169,48.6386
0.949906,1,-2.89047,-17.1042
0.949907,1,-4.38005,-21.8298
0.140923,0,3.26343,43.3541
0.88865,1,-0.784769,20.6114
0.046721,0,7.56705,84.4038
0.313491,0,0.531746,33.2474
0.949906,1,-1.16231,-13.9054
0.828161,1,-0.870809,21.9016
0.0672479,0,3.57824,49.2198
0.804441,1,0.151355,25.7673
0.949907,1,-1.03804,-21.273
0.1116,0,1.87177,41.9046
0.948831,1,-3.74844,0.932373
0.949793,1,-1.94876,0.794066
0.949774,1,-3.13162,-2.30513
0.0496491,0,3.67437,57.0917
0.0497689,0,2.2296,54.842
0.932318,0,3.57359,30.7847
0.94538,1,-0.344029,15.8775
0.94697,1,-3.73341,3.38168
0.948149,1,-1.52238,9.63825
0.929078,1,1.5524,25.7265
0.949778,1,-5.76361,-11.1368
0.949828,0,-2.96583,-3.1993
0.0588129,0,2.18616,49.0952
0.949851,1,-4.06229,-7.52985
0.832255,0,-4.32459,9.76301
0.942795,1,-4.69255,2.06508
0.943033,1,-2.69041,9.01752
0.0532934,0,7.05846,60.5929
0.949579,1,1.32365,11.98
0.948492,1,-2.96531,4.28128
0.0494507,0,1.81908,54.7203
0.624483,0,0.802782,30.1102
0.0467156,0,5.28033,82.9036
0.0468186,0,6.30881,74.4556
0.949725,1,-2.72107,-0.172406
0.949884,1,-1.59772,-3.62152
0.0625555,0,-0.262188,44.4895
0.0470444,0,2.92531,65.06
0.949888,1,-2.1577,-5.44403
0.417211,0,0.341483,31.1075
0.908314,0,-0.174555,21.8042
0.949897,1,0.699054,-2.74745
0.212051,0,3.05507,41.1419
0.112902,0,1.03593,40.4522
0.944515,1,1.42648,21.665
0.948631,0,-1.09021,10.1761
0.949038,1,-1.43299,8.07222
0.670945,0,1.41824,31.5421
0.0794762,0,6.17531,53.6307
0.949663,1,-4.00893,-3.58927
0.0474235,0,2.58013,61.419
0.948932,1,2.73341,18.723
0.949579,1,-3.66645,-1.7059
0.949882,1,-6.21471,-16.6464
0.674774,0,-3.70531,14.4973
0.949654,1,-1.59807,4.1248
0.490836,0,0.751724,31.3663
0.0514996,0,2.65649,53.5896
0.482211,0,2.89342,37.6542
0.896852,0,-1.98883,16.1313
0.949907,1,-3.91137,-22.2519
0.0471635,0,4.15828,65.5342
0.0467362,0,4.75078,77.6477
0.0593019,0,1.22745,47.5461
0.9499,1,-3.93058,-13.0387
0.0486527,0,1.94058,56.3307
0.949903,1,-7.08204,-23.6656
0.949899,1,-2.64219,-9.38676
0.0470178,0,3.69341,66.4815
0.949892,1,-3.46519,-9.4148
0.949612,1,-0.455381,7.70363
0.949587,1,1.86895,12.8656
0.0469363,0,3.1531,66.994
0.94981,1,-6.13988,-13.1371
0.927358,1,-5.56231,1.59219
0.0467714,0,5.15352,75.0484
0.105677,0,1.2772,41.3087
0.949876,1,-2.46646,-4.57085
0.116552,0,-0.298756,38.2116
0.0467152,0,8.29304,87.328
0.756683,1,1.35205,30.3547
0.130533,0,2.0554,41.2497
0.0467121,0,8.16131,88.613
0.949903,1,-6.95297,-23.2926
0.929675,1,-3.58937,8.34746
0.0492974,0,1.78266,54.9097
0.0474708,0,3.01607,61.7639
0.949906,1,-3.84846,-17.3774
0.0467055,0,7.30301,97.2506
0.0467066,0,9.94446,96.9247
0.372238,1,-0.731609,29.0439
0.949886,1,-0.363503,-1.58434
0.0559065,0,4.43474,53.7584
0.949907,1,-3.38354,-20.0116
0.949509,1,0.151893,10.1767
0.945285,1,0.425983,18.3266
0.0735405,0,4.00897,49.0618
0.513194,0,1.36664,32.9375
0.0508623,0,2.55628,54.0365
0.0467131,0,7.84622,87.6207
0.943739,1,-0.977578,14.5941
0.949908,1,-9.8327,-57.1014
0.939005,1,-1.738,13.3905
0.336161,0,-0.961497,29.3301
0.0637835,0,2.83693,48.6978
0.0488001,0,2.6021,56.9589
0.0667199,0,0.254714,44.2526
0.0467948,0,8.38372,78.6538
0.949694,1,-4.19651,-4.55746
0.949903,1,-5.41436,-18.5699
0.0673464,0,5.69087,53.6563
0.949904,1,-3.76425,-14.5787
0.437753,0,0.534307,31.3713
0.898043,1,2.97499,32.2199
0.0467869,0,7.99531,78.3716
0.94974,1,-0.688666,5.2667
0.0565849,0,0.659493,47.7465
0.0696729,0,1.882,46.0462
0.948694,1,-5.15726,-3.69457
0.949304,0,-2.66877,3.14759
0.916336,1,-1.20104,17.8287
0.120962,0,2.03117,41.6654
0.446533,0,1.24606,33.2803
0.0561095,0,1.72822,49.4685
0.949906,1,-4.06995,-17.8074
0.949597,1,-3.70617,-1.97956
0.046818,0,7.79894,76.7641
0.0467073,0,6.72581,90.9847
0.051911,0,5.60856,58.0701
0.0470229,0,3.35798,65.9419
0.945524,1,1.27725,20.6426
0.949847,1,-4.16029,-7.67237
0.949902,1,-0.712191,-7.96016
0.942325,1,-1.32767,13.9244
0.949886,1,-2.23302,-5.3418
0.049894,0,5.33131,59.4011
0.531045,0,-1.53865,23.9004
0.0467756,0,6.83768,77.204
0.949883,1,-3.7886,-8.99851
0.0484185,0,1.00408,55.5556
0.949337,1,1.09966,13.5627
0.916218,0,1.89041,27.9552
0.0481592,0,4.62675,61.416
0.949907,1,-7.24751,-28.154
0.948939,1,-1.27921,8.84084
0.0467443,0,5.05337,77.1109
0.945796,1,1.67446,21.5133
0.0896106,0,3.59248,46.6168
0.94947,1,-4.36642,-3.37748
0.946257,1,0.275995,17.2277
0.949896,1,-1.99013,-7.04482
0.949907,1,-5.14005,-27.6111
0.949796,1,-3.21696,-3.06066
0.0534827,0,3.7696,53.8442
0.949636,1,-7.29276,-14.7465
0.949908,1,-7.37775,-36.4631
0.0476054,0,3.69845,62.0524
0.949903,1,-3.00352,-12.4353
0.0467835,0,5.25062,74.4821
0.828687,1,0.406553,26.1762
0.949647,1,-2.55242,1.3245
0.0467097,0,8.19558,90.3278
0.907228,1,-0.8839,19.4583
0.0665093,0,0.376519,44.4689
0.914524,1,3.05118,31.4519
0.0479752,0,6.19749,64.492
0.0499379,0,5.16515,59.0606
0.047758,0,2.43412,59.6071
0.355588,0,0.643247,32.8135
0.94956,1,-3.7201,-1.74474
0.181005,0,1.43805,38.2307
0.047107,0,3.63397,65.3428
0.111887,0,0.628946,39.8878
0.949902,1,-1.89826,-9.89052
0.943245,1,-0.306616,16.9871
0.0467194,0,9.04449,87.0346
0.949907,1,-2.10378,-22.5749
0.259657,0,-4.52219,26.0288
0.9499,1,-0.3272,-5.89678
0.156596,0,1.6091,39.3642
0.620317,0,-0.581666,25.7703
0.942675,1,-1.42673,13.4756
0.0467306,0,8.26188,83.5083
0.949855,1,-4.0483,-7.68668
0.949897,1,-5.34478,-15.9437
0.0467161,0,7.78127,86.2401
0.880699,1,-0.320812,22.4628
0.946497,1,-5.81812,-3.6199
0.129944,0,-0.857686,36.6167
0.0468596,0,4.82086,71.033
0.943241,1,-0.779788,15.4413
0.0533854,0,2.93207,52.6266
0.0469392,0,7.0692,72.6526
0.948983,1,-1.49435,8.04346
0.949889,1,-4.10523,-10.6892
0.0470512,0,4.04142,66.5464
0.949906,1,-2.21295,-14.1615
0.944415,1,3.90946,27.4654
0.0467837,0,5.9696,75.494
0.948335,1,0.190572,14.5818
0.9491,1,-6.50259,-9.39873
0.0467076,0,7.91291,92.2571
0.949903,1,-5.43882,-18.7315
0.431138,1,1.10997,33.0693
0.949672,1,-4.40377,-5.02285
0.949679,1,-3.97264,-3.64134
0.94415,1,-4.53267,2.14354
0.0467655,0,5.80691,76.3608
0.046751,0,7.89994,80.5597
0.380306,0,2.29578,36.9167
0.0473713,0,3.11766,62.4918
0.0505621,0,2.62689,54.4492
0.949908,1,-5.04492,-39.3133
0.717994,0,0.44642,27.941
0.948531,1,-2.02317,7.37288
0.939444,1,-2.59879,10.3166
0.949897,1,-1.06536,-5.78065
0.948554,0,-0.0750407,13.3864
0.94986,1,-2.43734,-3.20414
0.949707,1,-2.78331,-0.103883
0.948739,1,2.36544,18.7426
0.949906,1,-5.17423,-21.3806
0.949908,1,-7.03593,-43.2145
0.863359,1,-4.17483,9.55548
0.949794,1,-0.333953,4.72546
0.949371,1,-5.37361,-6.38262
0.30245,0,-2.14699,28.0207
0.87701,1,1.02237,27.0266
0.0474683,0,5.76556,65.8009
0.103425,0,0.938626,40.9426
0.0469516,0,8.4585,74.9488
0.707359,0,1.01818,29.8936
0.946833,1,2.6859,22.925
0.759464,1,1.18208,29.7794
0.944018,1,-1.82266,11.6368
0.949899,1,-2.61649,-9.33792
0.947865,1,-6.10508,-5.82616
0.949907,1,-5.14912,-26.0542
0.0482725,0,4.75081,61.2966
0.909011,1,-1.11031,18.5862
0.195117,1,-0.488367,34.3489
0.301768,0,1.36755,35.4779
0.949903,1,-3.18222,-12.5873
0.0480198,0,3.89809,60.7589
0.0929353,0,-0.107314,40.2581
0.525618,0,-2.84987,19.802
0.0744485,0,4.62787,50.247
0.0470384,0,8.69764,74.3731
0.94844,1,-4.80916,-2.02282
0.801878,0,4.48905,39.0426
0.92232,0,1.11045,25.0503
0.586783,0,2.94004,36.9103
0.047914,0,3.43765,60.4474
0.949907,1,-8.8627,-35.8915
0.808051,1,0.727632,27.5988
0.949833,1,-3.64439,-5.48488
0.94937,1,-0.515947,9.41007
0.0469974,0,6.98717,71.6294
0.154153,1,2.45891,41.1526
0.949864,1,-3.79135,-7.40305
0.0471679,0,3.89562,65.1204
0.120818,0,0.950481,39.8454
0.230739,0,2.90272,40.4353
0.10635,0,1.88041,42.2491
0.0469187,0,6.71349,72.4597
0.753834,1,-1.71482,20.2529
0.0599888,0,3.64006,50.984
0.0473291,0,7.07566,68.8093
0.945197,1,-2.72811,7.99424
0.0493285,0,4.02605,58.0897
0.948053,1,-4.20888,0.63347
0.0467313,0,6.39194,80.6753
0.936242,0,1.16719,23.4699
0.0467937,0,1.23393,68.3503
0.949856,1,-2.3355,-2.70445
0.0467104,0,7.10088,88.2065
0.0481646,0,2.92334,58.9274
0.0555263,0,7.53667,61.0433
0.0469977,0,5.95436,70.0129
0.0830368,1,3.42028,46.8538
0.949908,1,-3.29638,-34.7652
0.949903,1,-5.99754,-20.5543
0.0498013,0,4.12003,57.554
0.94982,1,-2.98274,-2.99182
0.40439,0,4.96599,44.2316
0.860635,1,-4.80055,7.40799
0.949896,1,-5.56595,-16.5184
0.0864879,0,3.03382,45.8044
0.949907,1,-1.99825,-16.5404
0.949908,1,-10.0208,-49.5825
0.0701689,0,4.87705,51.3398
0.0467135,0,4.66199,82.9519
0.27154,0,-1.91517,29.4627
0.948768,1,-2.78492,4.35692
0.9492,1,-1.25522,8.05572
0.949867,1,-2.31692,-3.40696
0.949907,1,-9.14392,-37.635
0.949878,1,-6.20414,-16.246
0.94922,1,-1.76444,6.40135
0.947934,1,-6.0135,-5.58224
0.480182,1,-4.17704,16.6217
0.948902,1,0.256514,13.4143
0.94669,1,-3.4881,4.45196
0.949898,1,-2.53469,-8.64459
0.228244,0,-0.457486,33.3
0.906022,1,-1.16047,18.5729
0.0472373,0,4.47416,65.3613
0.949823,1,-2.17456,-0.751943
0.119101,0,-0.295461,38.0588
0.144516,0,0.881314,38.5546
0.873719,1,-5.14569,5.81151
0.0650445,0,2.05452,47.2135
0.784135,0,1.44514,30.2742
0.949908,1,-5.89141,-36.9115
0.949859,1,-3.48148,-6.14847
0.0467507,0,3.65975,74.5204
0.94963,1,-2.64966,1.18192
0.0473889,0,0.416414,58.6011
0.949908,1,-5.1738,-30.7679
0.949908,1,-9.84054,-44.1847
0.382694,1,-0.491305,29.4428
0.946235,1,-2.86919,6.91416
0.880174,0,-0.501005,21.87
0.949833,1,-1.68367,0.154221
0.047193,0,6.24472,68.3699
0.91585,1,2.29162,29.183
0.949891,1,-5.0838,-14.0568
0.949507,1,-0.352945,8.92998
0.60942,0,1.65084,32.8641
0.949905,1,-2.7762,-13.7309
0.046912,0,6.659,72.5064
0.949886,1,-0.443743,-1.64784
0.0494543,0,1.79648,54.6832
0.949908,1,-8.05291,-43.531
0.949906,1,-4.8865,-20.5666
0.949838,1,-1.97416,-0.817573
0.945872,1,0.360389,17.7571
0.0501061,0,-0.034205,51.2254
0.948986,0,-0.399822,11.3344
0.855328,0,-3.89136,10.7682
0.9493,1,0.535009,12.5019
0.949883,1,-2.27923,-4.91383
0.0467372,0,8.11788,82.3541
0.949907,1,-4.32519,-22.1096
0.546795,1,-0.660275,26.4317
0.219953,0,-3.43786,29.052
0.94987,1,-0.517272,0.278322
0.949887,1,-2.15676,-5.22229
0.949906,1,-3.1889,-17.8183
0.0541914,0,3.96822,53.7665
0.800878,1,-0.356719,24.1334
0.949897,1,-4.89678,-14.5906
0.949865,1,-4.02959,-8.21693
0.0552536,0,2.55795,51.0649
0.326362,0,5.91505,47.6716
0.0467126,0,3.80728,82.1897
0.218318,0,3.51304,42.2016
0.0467144,0,5.87001,84.1979
0.0509742,0,5.03551,57.7561
0.445991,0,2.30937,36.3055
0.10517,1,-1.20418,37.6919
0.949803,1,-1.24372,2.34847
0.0714625,0,1.19317,44.7227
0.0524193,0,3.9668,54.8386
0.898084,1,-0.921927,19.7656
0.949864,1,-2.67715,-4.12488
0.0469925,0,3.18483,66.1222
0.949889,1,-1.81479,-4.91217
0.0492552,0,4.69376,59.2306
0.949897,1,-2.66154,-8.61834
0.949906,1,-4.50856,-19.3515
0.949908,1,-4.56609,-37.9415
0.0725522,0,3.7416,48.6769
0.0474252,0,6.22762,66.7789
0.918387,0,-3.47422,9.75008
0.949896,1,-1.0188,-5.16041
0.949907,1,-6.45232,-27.1462
0.0598321,0,3.7629,51.2368
0.785453,1,-2.15479,18.2474
0.0470945,0,6.84495,70.2509
0.046804,0,5.23797,73.4941
0.9497,1,-4.07612,-4.23275
0.947484,1,-6.26431,-5.99558
0.949861,1,-4.083,-8.12155
0.691229,1,-3.10551,16.3475
0.570936,1,4.22083,40.7621
0.947619,1,-4.13439,1.39012
0.946181,1,0.709807,18.5666
0.945439,1,-0.40859,15.6378
0.0468264,0,8.84287,78.3349
0.0468738,0,5.327,71.3852
0.949907,1,-2.53824,-19.1361
0.841844,0,-1.63055,19.0081
0.047913,0,3.94408,61.1781
0.0474281,0,4.86687,64.6572
0.949815,1,-2.28024,-0.782747
0.949908,1,-8.5548,-45.5791
0.949856,1,-2.07511,-2.03951
0.0468543,0,5.53606,72.1996
0.813682,1,-0.196875,24.4489
0.949656,1,-0.703984,6.55124
0.949325,1,-3.05664,1.77316
0.931292,1,-1.51484,15.4029
0.949895,1,-1.41192,-5.60682
0.0613956,0,2.7301,49.1304
0.0467111,0,7.42797,88.1907
0.949572,1,0.279297,9.89426
0.944116,1,0.244991,18.3762
0.0526526,0,4.48329,55.522
0.949868,1,-5.51555,-13.2022
0.0474064,0,4.42847,64.1442
0.752165,0,-1.20955,22.0005
0.949904,1,-1.25285,-10.4533
0.409473,0,1.97216,35.7157
0.048121,0,3.08245,59.2801
0.949679,1,-3.036,-0.568189
0.94887,1,1.68433,16.9387
0.0470886,0,5.11618,67.6559
0.949902,1,-4.99146,-16.9619
0.057713,0,4.76876,53.711
0.949907,1,-5.98822,-25.9504
0.927372,0,2.08255,27.5105
0.949908,1,-5.74067,-34.4147
0.0467765,0,3.85602,72.9167
0.0475404,0,6.50076,66.6551
0.0474691,0,3.49895,62.4563
0.811408,1,-4.53469,9.43303
0.131173,0,1.49558,40.2103
0.0643081,0,3.93271,50.429
0.944934,1,-0.925881,14.2303
0.943763,1,-4.149,3.64806
0.080508,0,6.9933,55.9041
0.945381,1,-0.740558,14.5996
0.883895,1,-3.92738,9.80771
0.949852,1,-0.689564,1.43439
0.0478886,0,2.55418,59.2847
0.949734,1,-1.65908,2.84107
0.949907,1,-5.40227,-28.0303
0.0467212,0,6.41697,82.7226
0.0507024,0,2.41487,53.997
0.916303,1,-2.06007,14.8572
0.0469109,0,5.4291,70.7036
0.0607924,0,2.08499,48.329
0.0510268,0,1.37249,52.1942
0.949896,1,-2.32398,-7.67301
0.919978,1,1.66047,26.9626
0.619024,1,1.30335,31.7117
0.948891,1,-0.636263,10.9287
0.0488816,0,5.63882,61.4202
0.0468048,0,3.47111,70.9779
0.101227,0,1.52489,42.0209
0.949708,1,0.213681,7.91653
0.184525,0,0.553986,36.4675
0.0537087,0,3.02297,52.5687
0.94841,1,-1.93713,7.86947
0.207396,0,-1.93705,31.6851
0.948453,1,-5.01902,-2.78146
0.290591,0,4.48922,43.9187
0.555701,0,-0.714087,26.1482
0.94587,1,0.138172,17.0831
0.05845,0,1.27162,47.8981
0.046855,0,4.51323,70.7254
0.0518402,0,3.11992,53.9831
0.0467903,0,7.03718,76.7209
0.13331,0,0.888249,39.0869
0.94835,1,-0.183877,13.4754
0.239288,0,-0.30717,33.2326
0.949907,1,-2.13663,-18.0517
0.949905,1,-6.18495,-22.9026
0.0472909,0,2.82198,62.6168
0.9486,1,0.553898,15.0169
0.0495582,0,3.60128,57.1132
0.949804,1,0.209452,5.50641
0.93422,1,1.86537,25.9167
0.949902,1,-1.92653,-9.45994
0.0494389,0,2.1714,55.2357
0.120578,0,1.13344,40.1524
0.046748,0,6.00577,78.07
0.0491597,0,5.85985,61.3513
0.949906,1,-5.67926,-22.9667
0.0468551,0,8.14786,76.238
0.202177,1,3.9983,43.7433
0.0467092,0,6.46153,88.3155
0.949817,1,-1.67151,0.819094
0.0580624,0,2.3748,49.6344
0.937285,0,-0.811522,16.8869
0.949905,1,-5.87883,-21.593
0.949256,1,-1.16864,8.08626
0.948667,1,0.263684,14.077
0.0467105,0,6.55374,87.3611
0.0475547,0,3.01266,61.3225
0.940212,1,0.30655,19.905
0.949582,1,1.1311,11.5758
0.937343,1,2.23055,26.3342
0.94972,1,1.05399,9.34736
0.340817,0,-2.15395,26.6977
0.949664,1,-2.38879,1.64586
0.0468672,0,3.50949,68.9854
0.0701247,0,2.00008,46.146
0.949722,1,-5.01924,-7.70291
0.949441,1,0.0437702,10.4339
0.94983,1,-3.73282,-5.64835
0.185823,1,1.24822,37.7136
0.681848,0,-3.69256,14.4391
0.949737,1,-4.62105,-6.55547
0.94962,1,-3.99587,-3.14309
0.419688,0,0.359506,31.1229
0.949895,1,-3.51702,-10.3501
0.943998,1,-3.01199,7.54395
0.0468952,0,2.16794,66.4388
0.0467113,0,9.62019,91.2078
0.0467051,0,11.1009,105.455
0.945489,1,-4.75821,0.734081
0.125808,0,2.93868,43.2093
0.949902,1,-2.48098,-10.5325
0.329377,0,-2.0682,27.2471
0.0467301,0,3.00154,76.1248
0.0477505,0,2.99068,60.4211
0.0562949,0,3.01974,51.288
0.94981,1,-0.195394,4.48321
0.092319,0,1.89481,43.3272
0.947701,1,-3.54428,3.36077
0.949906,1,-4.31697,-18.5765
0.350108,1,-1.7195,27.299
0.945194,1,-2.4209,9.05509
0.949894,1,-3.21853,-9.17681
0.0473344,0,8.70961,72.2439
0.0467383,0,7.09928,80.7091
0.949826,1,-1.25249,1.53069
0.949907,1,-9.9213,-40.5116
0.94885,0,-0.600818,11.1467
0.0983356,0,3.56916,45.9498
0.0470489,0,6.61446,70.3743
0.0514471,0,4.8032,56.9478
0.948591,1,-6.16229,-7.05225
0.949907,1,-4.95655,-21.8175
0.949146,1,-2.08631,5.64293
0.949555,1,-0.591218,7.90453
0.949886,1,-2.53834,-6.04904
0.0469288,0,3.27281,67.2988
0.949907,1,-6.99826,-32.5213
0.109555,0,2.68893,43.5075
0.9499,1,-2.34956,-9.40784
0.949906,1,-5.24027,-20.6936
0.949742,1,-1.75918,2.41467
0.0474706,0,3.38135,62.2814
0.949907,1,-9.32186,-37.73
0.0892887,0,-0.135966,40.5626
0.0467385,0,5.45441,78.3366
0.177582,0,3.00468,41.7319
0.0712109,0,2.28643,46.4048
0.387297,1,-0.867002,28.3908
0.384591,0,-0.793467,28.6336
0.0854924,0,1.31855,43.0784
0.0880521,0,3.0962,45.7802
0.0470874,0,7.30023,71.1032
0.949906,1,-9.17776,-33.0201
0.949783,1,-3.1653,-2.58082
0.949906,1,-2.71489,-15.9925
0.0469699,0,5.782,70.1692
0.0648814,0,0.340139,44.7717
0.949265,1,-1.60091,6.73051
0.941075,0,-1.88211,12.3996
0.949883,1,-1.5914,-3.47558
0.9497,1,-0.200078,7.14644
0.519312,0,0.867246,31.3981
0.0476288,0,3.92281,62.2664
0.949906,1,-5.0817,-20.9669
0.290175,0,3.93645,42.3818
0.944733,1,-5.48082,-1.46079
0.0467866,0,5.17416,74.2163
0.949899,1,-3.9799,-12.846
0.949892,1,-7.38248,-21.8319
0.94989,1,-4.37801,-11.7662
0.949648,1,-3.04768,-0.266254
0.949865,1,-4.59402,-9.9939
0.0898484,0,6.58737,54.104
0.947521,1,2.53381,21.7023
0.0469774,0,5.46976,69.5957
0.949844,1,-3.06411,-4.15636
0.046742,0,4.95949,77.2301
0.462093,0,2.98845,38.0984
0.0473838,0,4.48276,64.3592
0.0515275,0,1.44508,51.8389
0.9499,1,-2.30512,-9.07005
0.0527349,0,6.19723,58.791
0.930854,1,2.02682,26.9057
0.943254,0,0.695309,20.129
0.949882,1,-6.55696,-17.8253
0.949907,1,-7.00361,-29.5532
0.949905,1,-4.27339,-17.6297
0.949882,1,-1.73916,-3.60444
0.948882,1,-4.0763,-0.317873
0.946753,1,-4.72119,0.0811593
0.609693,1,0.343352,28.8329
0.946936,1,0.0554726,15.9957
0.949903,1,-3.60391,-13.4872
0.264696,1,-0.222557,32.6862
0.0867006,0,2.38765,44.6518
0.0503316,0,6.20379,60.5764
0.32219,1,1.40892,35.2709
0.906947,0,2.99299,31.7952
0.0472052,0,1.54362,61.4933
0.949907,1,-5.7866,-25.3372
0.616933,0,-0.202047,27.0277
0.717353,0,2.37758,33.9973
0.949906,1,-5.22606,-20.5522
0.56696,1,1.39193,32.4882
0.946909,1,5.27751,27.3134
0.0471657,0,4.95805,66.6633
0.946723,0,1.29078,19.7183
0.784138,1,1.33627,29.929
0.884733,1,1.69151,28.9031
0.949907,1,-7.88213,-32.911
0.949241,1,1.43559,14.8223
0.609313,1,0.830243,30.3527
0.0576337,0,4.60368,53.4238
0.94941,1,-1.09149,7.55031
0.949907,1,-4.00952,-24.074
0.949104,1,-1.91403,6.33978
0.0473346,0,4.04064,64.0377
0.949904,1,-2.19352,-12.2206
0.0471238,0,4.86877,66.9315
0.938494,1,-0.991207,16.0416
0.0469724,0,2.16894,65.0064
0.086307,0,1.56586,43.3718
0.0472906,0,2.26901,61.8433
0.0467138,0,6.88887,85.9081
0.945009,1,-0.534453,15.4692
0.949906,1,-5.22,-21.1226
0.949908,1,-7.55493,-44.5933
0.927999,1,-5.02798,3.42851
0.0517396,0,1.64029,51.9353
0.949907,1,-4.66597,-27.5543
0.949538,1,-5.95922,-9.31836
0.698271,1,1.12242,30.3249
0.949272,1,-1.22916,7.83542
0.949908,1,-5.15314,-37.2754
0.0504954,0,3.10585,55.214
0.94979,1,-2.82326,-1.69404
0.949392,1,-1.57189,6.21447
0.949844,1,-7.16156,-17.7208
0.944905,1,-0.406437,15.9351
0.949896,1,-3.18025,-9.55882
0.949898,1,-4.50566,-13.7274
0.0615723,0,7.00591,58.0865
0.130069,0,3.28592,43.7895
0.949903,1,-1.21795,-9.54057
0.0592923,0,0.717422,46.8247
0.406862,0,-1.12743,27.3103
0.944923,1,0.323922,18.22
0.0471047,0,2.86108,64.2813
0.949676,1,-0.0582118,7.83965
0.949385,1,-0.626017,9.01881
0.949907,1,-5.33011,-24.2946
0.607865,0,3.34066,37.9048
0.949902,1,-1.82624,-9.35218
0.946771,1,1.70062,20.7267
0.9499,1,-2.82005,-10.094
0.949903,1,-1.59419,-9.82675
0.0468369,0,3.71864,70.1493
0.243291,1,0.206598,34.0898
0.949904,1,-5.37982,-18.8486
0.348078,0,-0.193752,30.8506
0.0512699,0,1.6971,52.4239
0.723008,1,-2.14072,19.2321
0.949156,1,-2.03846,5.76219
0.0479215,0,3.89327,61.0756
0.949706,1,-1.47957,3.78981
0.753714,1,2.31103,33.3729
0.0490739,0,2.87471,56.8337
0.118139,1,2.97726,43.6341
0.895936,1,-1.54681,17.7051
0.0763016,0,3.56924,47.8666
0.900345,1,3.38164,33.2456
0.433411,0,2.03473,35.6484
0.949907,1,-5.03374,-25.0537
0.09278,0,-1.29599,38.5851
0.0468403,0,5.94849,73.2044
0.949907,1,-4.29361,-24.0767
0.949908,1,-4.78683,-36.2925
0.948954,1,0.0707872,12.7523
0.949888,1,-3.30072,-8.36013
0.046793,0,6.87036,76.3425
0.949907,1,-4.93195,-29.6889
0.0489822,0,4.76287,59.7966
0.921142,1,-1.04889,17.9995
0.0467166,0,9.99996,89.4405
0.949805,1,-5.87034,-12.0759
0.0470864,0,3.63294,65.5626
0.949696,1,-7.31161,-15.401
0.607475,0,0.794008,30.2596
0.0470082,0,5.65766,69.4263
0.128238,1,1.46068,40.2928
0.949903,1,-5.95285,-20.3965
0.94986,1,-1.81254,-1.64937
0.0516351,0,4.98407,57.1113
0.949379,1,1.77152,14.6194
0.0467089,0,6.98322,89.3725
0.949584,1,-1.95491,3.76117
0.948098,1,-3.88003,1.72154
0.949901,1,-6.65515,-21.5841
0.0484604,0,3.57909,59.0946
0.148234,0,2.29265,41.0071
0.94977,1,-2.11545,0.846194
0.949671,1,-4.09804,-3.97974
0.0472863,0,6.44563,67.9933
0.0468215,0,4.36514,71.5795
0.949902,1,-6.64517,-21.7847
0.159767,0,4.04707,44.7235
0.763145,0,0.0901774,26.1934
0.949795,1,-2.90101,-2.04204
0.0467095,0,7.37507,89.3555
0.0675587,0,-1.4271,41.7189
0.0570022,0,0.801286,47.775
0.949853,1,-1.49331,-0.38629
0.949907,1,-7.01286,-34.257
0.903678,1,0.162931,23.1724
0.572781,0,2.87913,36.8505
0.0469481,0,4.39987,68.5372
0.059296,0,1.91865,48.5438
0.949578,1,0.629834,10.5947
0.948961,1,-4.71379,-2.7257
0.948519,1,-3.56622,2.1746
0.947537,1,0.377042,16.3092
0.949694,1,0.499867,8.75801
0.949907,1,-5.51624,-30.5802
0.060747,0,5.41075,54.2048
0.0622882,0,3.92415,50.8666
0.674547,0,4.03482,39.3248
0.0632509,0,2.91586,48.9478
0.463609,0,1.39428,33.5207
0.949863,1,-4.78239,-10.4762
0.0467263,0,7.69569,83.4155
0.814625,1,0.674002,27.3115
0.946964,1,-4.01755,2.3925
0.0595994,0,0.908837,46.9963
0.949907,1,-5.19223,-22.5637
0.0473628,0,4.79698,64.9474
0.94794,1,-2.0023,8.34166
0.949797,1,-4.38893,-6.86226
0.0489632,0,3.3805,57.7599
0.099889,1,5.5522,50.6583
0.949796,1,-3.58277,-4.2043
0.921877,1,3.81381,32.7913
0.949889,1,-1.05416,-3.29755
0.0918404,1,2.1732,43.8261
0.94727,1,-1.29943,11.4027
0.949899,1,0.290268,-4.13158
0.94959,0,-0.586719,7.59307
0.0467116,0,8.68637,89.6304
0.0469082,0,3.46083,67.9705
0.947877,1,1.72667,19.3628
0.0471685,0,4.40617,65.8422
0.0873498,0,1.55332,43.2478
0.949907,1,-4.68881,-21.4804
0.949903,1,-5.23931,-18.0246
0.949894,1,-5.59929,-16.2862
0.498004,1,-3.41288,18.5743
0.216737,0,1.92331,38.3486
0.0507269,0,5.58552,58.9786
0.949624,1,-2.47831,1.77581
0.774107,0,-0.942627,22.5824
0.917956,1,-1.79348,15.6706
0.0682093,0,1.49727,45.7425
0.949766,1,0.791009,7.77582
0.276577,1,-0.432555,31.9598
0.949908,1,-4.73003,-31.2818
0.949583,1,0.874971,11.058
0.0469141,0,8.30889,75.2679
0.0467346,0,5.17115,78.4572
0.931017,1,0.690353,22.7938
0.0468355,0,5.57472,72.8169
0.924504,1,2.41438,28.7851
0.945846,1,-0.922032,13.7332
0.949908,1,-6.65253,-34.9079
0.948487,1,-1.74524,8.36385
0.0473338,0,5.23404,65.7799
0.949687,1,-0.958772,5.46574
0.949907,1,-6.8958,-31.5811
0.949881,1,-3.47639,-7.85027
0.144419,0,1.62848,39.8655
0.0503745,0,1.4255,52.9526
0.948052,1,-2.0643,7.98776
0.949838,1,-1.85937,-0.540662
0.0586422,0,1.16586,47.6804
0.0779288,0,1.60442,44.389
0.0475104,0,3.9764,62.9162
0.948774,1,-1.12487,9.74724
0.0726159,0,2.48695,46.5008
0.949908,1,-7.78835,-57.4762
0.0493535,0,5.22342,59.9414
0.591377,1,1.15119,31.5201
0.0470613,0,8.0169,72.7108
0.533803,1,-1.83818,22.909
0.53063,0,6.03894,46.2905
0.949895,1,-3.90891,-11.3021
0.0488799,0,3.75421,58.46
0.94773,1,-1.258,11.047
0.846331,0,2.19301,31.5211
0.0467711,0,7.97601,79.2033
0.817529,1,0.643323,27.1601
0.949907,1,-5.38419,-28.2978
0.949902,1,-3.62625,-13.2558
0.949908,1,-5.81446,-32.9013
0.0467069,0,7.84689,93.2752
0.919658,1,-0.967157,18.3936
0.890784,0,-0.172213,22.6079
0.147974,1,1.95981,40.3535
0.941359,1,-2.15274,11.3908
0.915178,1,-1.29564,17.58
0.351871,0,-1.18729,28.4281
0.936363,1,3.19026,29.0446
0.436525,0,1.17228,33.183
0.936114,1,-6.77696,-3.84091
0.949905,1,-3.04746,-14.3265
0.577948,0,-2.38719,20.4332
0.949906,1,-4.43939,-18.3732
0.949898,1,-3.31575,-10.56
0.9499,1,-0.764087,-6.55359
0.949908,1,-6.87497,-44.4792
0.0483048,0,2.6308,58.1288
0.949832,1,-2.00743,-0.646692
0.0516351,0,1.16702,51.3549
0.138884,0,-1.76009,34.8508
0.949761,1,0.269299,6.90202
0.0467114,0,7.64914,88.2898
0.119147,0,4.19077,46.3201
0.947484,1,-3.00492,5.45052
0.047575,0,2.27779,60.1899
0.0474714,0,3.76957,62.8284
0.046711,0,6.90065,87.5091
0.880832,1,0.465184,25.0839
0.930201,1,0.346935,21.7894
0.949426,1,-3.7755,-1.12476
0.813075,1,-2.21496,17.5592
0.44841,0,-0.15512,29.2769
0.949906,1,-4.80995,-20.272
0.194196,0,2.78657,40.8388
0.0481723,0,1.65689,57.1215
0.224918,0,-1.33477,31.9692
0.0707223,0,4.87947,51.2704
0.949897,1,0.0987189,-3.7356
0.927175,1,-1.34056,16.4613
0.0467758,0,4.7153,74.1615
0.0477039,0,6.4429,65.8577
0.0479392,0,3.30813,60.1765
0.69947,0,3.431,37.3259
0.0469827,0,5.01795,68.8609
0.0467618,0,5.76036,76.5617
0.948984,1,-1.43185,8.23684
0.0543251,0,4.56336,54.703
0.938838,1,0.814421,21.8386
0.0607245,0,3.1048,49.9019
0.124143,0,1.55323,40.6589
0.949907,1,-3.63645,-21.0731
0.0575945,0,5.05996,54.3247
0.0585028,0,3.19544,50.7292
0.0468809,0,6.26832,72.5859
0.20014,0,1.52266,37.8677
0.313466,0,1.18094,34.8295
0.949777,1,-2.79566,-1.31813
0.949898,1,-4.22631,-13.1045
0.0467079,0,6.36993,89.6038
0.0467075,0,11.4466,97.6511
0.0467652,0,6.3861,77.2125
0.949765,1,-1.96552,1.37997
0.939811,1,-0.735352,16.6055
0.070153,0,-0.145795,43.0315
0.0480575,0,2.15253,58.1593
0.949908,1,-8.6861,-39.861
0.886337,1,3.46625,34.1149
0.0469336,0,2.46982,66.086
0.947254,1,1.47291,19.6213
0.05973,0,3.85765,51.4285
0.949893,1,-5.07365,-14.445
0.0467603,0,5.40507,76.1728
0.072975,0,3.47508,48.1248
0.9427,1,0.132605,18.594
0.0467054,0,7.16664,97.7612
0.949891,1,-8.11702,-24.274
0.949838,1,-2.20123,-1.40613
0.062697,0,2.26274,48.079
0.946264,1,-1.78318,10.6035
0.945763,1,-3.90027,3.6068
0.925326,0,0.778724,23.7159
0.949251,1,-5.27499,-5.55656
0.687662,0,0.445147,28.2934
0.0898832,0,-0.944696,39.3558
0.949539,1,2.39478,14.3028
0.0495284,0,5.00356,59.3226
0.949854,1,-0.932893,0.771361
0.0467052,0,8.88031,101.361
0.949372,1,2.64235,16.1991
0.04792,0,6.43375,65.0852
0.948386,1,-2.31572,6.65174
0.651377,0,3.26514,37.3004
0.949872,1,-7.56873,-20.4956
0.949905,1,-5.32028,-20.169
0.0482364,0,4.95103,61.6997
0.949267,1,-1.62082,6.65772
0.0476664,0,3.25071,61.1411
0.0482229,0,3.32131,59.33
0.758078,0,-2.60065,17.1305
0.0468371,0,6.92187,74.7488
0.721109,1,-1.3625,21.9132
0.451718,0,-1.72351,24.7387
0.0469926,0,2.17153,64.7018
0.94341,1,-3.43808,6.27671
0.949836,1,-5.03985,-10.1232
0.949906,1,-5.33847,-20.9105
0.949874,1,-4.38223,-9.97495
0.949907,1,-4.7769,-25.7658
0.0595952,0,2.80269,49.7658
0.400743,0,-0.161831,29.989
0.947999,1,-5.60536,-4.21457
0.0467214,0,9.00994,86.4541
0.949901,1,-2.27486,-9.58258
0.0559846,0,-0.76295,46.012
0.895452,0,-1.38602,18.2812
0.0492249,0,3.17986,57.0143
0.949632,1,-5.42638,-8.15123
0.949743,0,-3.44232,-2.73702
0.0468841,0,2.91462,67.7377
0.101007,0,0.988129,41.1987
0.949908,1,-4.54972,-34.182
0.0985505,0,3.69657,46.2066
0.949852,1,-3.73927,-6.54839
0.0469278,0,4.99314,69.7467
0.0501668,0,2.41998,54.6031
0.0467157,0,5.03062,82.491
0.948588,1,-1.60752,8.62009
0.0658929,0,3.03407,48.557
0.0821241,0,1.60807,43.8862
0.0467535,0,9.46499,82.9711
0.0467049,0,10.4729,111.232
0.385002,0,-0.446203,29.5157
0.949884,1,-2.4952,-5.68075
0.94989,1,-1.39977,-4.34287
0.949907,1,-2.81914,-17.9897
0.94694,1,-1.96399,9.48963
0.913154,1,0.618804,24.148
0.937283,1,0.337658,20.6687
0.0501059,0,3.12602,55.6921
0.863065,1,5.43895,40.0355
0.0479959,0,5.73234,63.636
0.949802,1,-0.341724,4.45859
0.0503472,0,5.62227,59.4192
0.0922993,0,0.782187,41.612
0.0512049,0,3.39965,54.9399
0.0478897,0,6.78343,65.8328
0.94989,1,-2.54306,-6.80398
0.949731,1,-3.8507,-3.88503
0.40487,0,-4.77317,18.521
0.0467207,0,6.17719,82.5175
0.0476579,0,6.08936,65.4353
0.949841,1,-4.55934,-8.70009
0.949328,1,-1.50676,6.73568
0.949755,1,-8.62424,-20.8078
0.949471,1,-1.74166,5.23677
0.047232,0,3.38202,63.8501
0.94386,1,-0.381263,16.5004
0.888182,1,1.29627,27.5282
0.049575,0,4.96727,59.1978
0.0860794,0,1.93046,43.966
0.0476997,0,3.42761,61.2497
0.94977,1,-5.3108,-9.4304
0.0467281,0,9.42369,85.7571
0.946807,1,-1.44379,11.3359
0.938354,1,0.646404,21.425
0.0470449,0,2.44619,64.3829
0.0529647,0,2.54173,52.3216
0.0512592,0,3.63974,55.251
0.0467252,0,8.82495,85.3364
0.375703,0,3.77791,41.0903
0.949907,1,-5.87583,-25.6111
0.949878,1,-3.23552,-6.83443
0.949662,1,-0.769987,6.30582
0.949907,1,-3.44518,-27.2671
0.949756,1,-2.93241,-1.34061
0.949723,1,0.774152,8.76154
0.0525627,0,2.78713,52.9528
0.0503904,0,7.64004,63.8943
0.850196,1,-4.16856,9.91276
0.945133,1,1.5842,21.7323
0.0471643,0,6.70722,69.3651
0.174147,0,0.661565,37.0145
0.923549,1,-0.126894,20.9155
0.679534,1,1.1134,30.5013
0.949907,1,-3.8083,-22.0645
0.0468058,0,3.9901,71.6609
0.946378,1,-1.25987,12.2697
0.925301,1,-3.44457,9.29919
0.0467247,0,5.67929,80.8751
0.949534,1,-0.418037,8.54124
0.0471374,0,5.03483,67.0394
0.949144,1,0.183635,12.3632
0.949895,1,-4.40593,-12.7785
0.946975,1,-0.10273,15.4789
0.943994,1,-3.0108,7.54956
0.0477816,0,4.73206,62.8119
0.949907,1,-4.09408,-20.4316
0.949887,1,-1.60077,-4.13617
0.949836,1,-2.16551,-1.2231
0.93886,1,-3.42051,7.56548
0.0482934,0,4.95699,61.5603
0.0479228,0,5.23093,63.0665
0.902889,1,-1.75957,16.6573
0.0490028,0,3.3949,57.7085
0.0685934,0,2.46457,47.1309
0.690035,1,0.15718,27.3392
0.0599785,0,1.27214,47.3943
0.0468123,0,6.26709,74.6333
0.949906,1,-5.60317,-22.1173
0.580847,1,-2.63407,19.5669
0.328001,0,3.02892,39.4799
0.0467353,0,7.06329,81.0401
0.0787834,0,2.76125,46.126
0.0467075,0,6.49518,90.3786
0.0541367,0,4.46446,54.6263
0.949905,1,-1.72376,-11.7012
0.047875,0,4.30416,61.8351
0.544359,0,0.966268,31.4332
0.949908,1,-7.12797,-42.7318
0.949362,1,-3.73392,-0.672108
0.0478021,0,5.40318,63.7598
0.949904,1,-4.14555,-16.2137
0.94976,1,-1.56981,2.59707
0.949902,1,-6.97191,-23.1665
0.0560371,0,-0.928887,45.7565
0.0475099,0,6.18253,66.2615
0.533629,0,1.82109,34.081
0.949907,1,-0.368952,-15.7966
0.949806,1,-3.79877,-5.13903
0.949896,1,-2.73847,-8.57321
0.85618,1,-3.59074,11.8094
0.949644,1,-3.71633,-2.42358
0.949845,1,-3.00342,-3.99572
0.949905,1,-3.06019,-14.5338
0.12456,0,3.78353,45.1373
0.0486135,0,4.54598,60.1793
0.949637,1,-2.81909,0.575404
0.949644,1,1.01601,10.5592
0.928061,0,0.424187,22.2881
0.537842,0,2.28704,35.4136
0.944441,1,1.41829,21.6818
0.0546701,0,3.36858,52.5711
0.9499,1,-3.94032,-12.803
0.0467094,0,10.4346,93.873
0.0478794,0,-0.573017,54.9431
0.942318,1,-2.60829,9.53473
0.949889,1,-1.32312,-3.81785
0.947721,1,-3.29701,4.19559
0.949886,1,-2.59271,-6.15161
0.949094,1,1.41535,15.4983
0.949854,1,0.566712,3.60008
0.0467408,0,5.23023,77.7529
0.0482758,0,9.45633,71.5036
0.949796,1,-4.55705,-7.39825
0.92483,1,-0.0377222,21.0961
0.0467175,0,7.10634,84.7866
0.94988,1,-2.31196,-4.66345
0.0469574,0,7.66619,73.3662
0.949907,1,-5.1384,-24.6966
0.949578,1,-0.579756,7.72679
0.94869,0,3.15834,20.324
0.0474287,0,4.35188,63.903
0.949908,1,-6.23784,-39.4997
0.0474976,0,2.89671,61.4513
0.940998,0,1.77487,24.0889
0.949903,1,-1.03585,-9.17993
0.0769787,1,1.26472,44.0066
0.949795,1,-2.32552,-0.339768
0.949834,0,-1.3736,0.894462
0.948963,1,2.57569,18.3193
0.512612,0,0.521537,30.4428
0.949727,1,-0.65569,5.5871
0.0480991,0,5.12075,62.3454
0.949893,1,-5.26814,-15.0321
0.0468089,0,3.81152,71.2856
0.949686,1,-3.54618,-2.30268
0.949422,1,-0.721402,8.53107
0.940019,0,-1.96768,12.3713
0.0511741,0,2.14308,53.1451
0.599065,0,0.222518,28.571
0.944177,1,-2.28319,9.99489
0.281392,0,-0.522775,31.6541
0.933165,1,1.40788,24.7282
0.949888,1,-2.99127,-7.45825
0.949772,1,-2.82526,-1.31409
0.0473231,0,2.55071,62.011
0.949907,1,-6.2371,-29.8475
0.947258,1,-2.26717,8.18743
0.0470405,0,5.53098,68.8203
0.661664,0,-2.13796,20.0812
0.0474576,0,2.3326,60.8768
0.949823,1,-0.791145,2.70304
0.0477685,0,5.31765,63.7525
0.949903,1,-3.22287,-13.232
0.233569,0,2.96722,40.5521
0.0615886,0,2.50319,48.7313
0.942257,0,2.27458,24.9823
0.949907,1,-4.51985,-26.9568
0.0539677,0,3.84381,53.6862
0.9499,1,-3.92594,-13.048
0.947443,1,-3.20095,4.81458
0.930565,1,0.356135,21.7744
0.9498,1,-0.780886,3.56999
0.949908,1,-7.62319,-38.4208
0.0467467,0,7.63143,80.5546
0.0467841,0,3.15698,71.5152
0.0475271,0,4.19241,63.1412
0.0726031,0,4.61636,50.4449
0.312439,1,-3.3946,25.6132
0.727513,0,0.949342,29.4391
0.0894583,0,0.19376,41.0196
0.494519,0,-0.176049,28.5858
0.949574,1,-3.24082,-0.255243
0.901555,1,1.44472,27.4364
0.865705,0,2.45108,31.8328
0.942066,1,0.835489,20.9951
0.22374,0,0.743004,35.6623
0.0472263,0,5.42758,66.8428
0.939444,1,-1.54331,13.9606
0.92014,1,2.1229,28.3446
0.17658,0,1.51637,38.5201
0.110458,0,6.6645,53.3952
0.937427,1,0.696163,21.7777
0.910799,1,-1.56329,16.9238
0.0495935,0,6.26761,61.5275
0.949906,1,-7.83754,-29.853
0.0470064,0,3.68446,66.6257
0.0600842,0,2.73325,49.51
0.948327,1,-3.00677,4.40849
0.949906,1,-2.19587,-14.392
0.0486699,0,4.44177,59.9018
0.631863,0,2.44497,35.0465
0.939077,1,-0.748998,16.7293
0.94318,1,1.42602,22.3039
0.949894,1,0.465742,-2.23433
0.949717,1,-0.436641,6.29178
0.945244,1,-4.41996,2.05306
0.949906,1,0.387435,-10.7224
0.0482714,0,3.41612,59.3348
0.949895,1,-2.1974,-7.19131
0.898894,0,-0.119864,22.4506
0.94915,1,-2.27253,5.02529
0.864795,1,-3.32591,12.5179
0.0490552,0,3.25237,57.4089
0.0467089,0,6.65314,88.9354
0.627973,0,-4.37414,12.8668
0.949904,1,-5.61972,-19.9728
0.118374,0,1.50007,40.8798
0.745002,0,2.11567,32.8807
0.0596761,0,2.41127,49.1487
0.0583092,0,1.78249,48.681
0.0467119,0,5.80477,85.3981
0.941855,1,-0.590773,16.5322
0.0623903,0,1.24072,46.6622
0.225131,0,2.35981,39.1983
0.944715,1,-0.0644449,17.1206
0.946244,1,-1.01384,13.1718
0.740135,0,0.0876889,26.4958
0.946124,1,-0.451188,15.0697
0.0485198,0,6.55837,63.8092
0.948096,1,3.32175,22.1619
0.189763,1,0.982819,37.0844
0.949903,1,-3.49266,-13.4536
0.949899,1,-5.04684,-15.8168
0.0488227,0,2.5379,56.8229
0.866549,0,-0.55173,22.1032
0.819984,0,1.40541,29.5744
0.258079,0,-1.1785,31.1296
0.283191,0,-0.905935,30.8629
0.0528838,0,2.76864,52.7062
0.0468945,0,2.19068,66.488
0.920969,1,3.32361,31.6376
0.0469713,0,4.49137,68.285
0.949887,1,-4.61223,-11.9815
0.0467282,0,7.24936,82.4267
0.198373,0,2.8869,40.992
0.0481093,0,1.90334,57.6516
0.378297,0,0.743605,32.7398
0.886942,1,1.10773,26.9692
0.946439,1,-2.11056,9.37597
0.948121,1,-2.80765,5.3867
0.0502085,0,-0.0954934,51.0155
0.949332,1,-0.817107,8.76413
0.297279,1,0.195571,32.7912
0.0582349,0,3.74381,51.7058
0.0548995,0,2.07385,50.5338
0.949715,1,-2.45111,0.814924
0.949716,1,1.34269,9.92425
0.949849,1,-0.361339,2.28975
0.244514,1,-1.95641,30.3264
0.427482,0,1.03887,32.9128
0.949705,1,-5.61617,-9.5539
0.301734,0,-0.922098,30.3138
0.949875,1,-2.19597,-3.83026
0.927175,1,-4.66742,4.79221
0.399285,0,0.226253,31.0526
0.23863,0,0.0301759,33.876
0.949902,1,-3.14246,-12.1976
0.0621225,0,2.14059,48.0447
0.859774,1,-0.36351,22.9193
0.0467236,0,7.4912,83.6738
0.0468155,0,8.58346,78.2026
0.0590532,0,1.45869,47.9592
0.947021,1,0.202756,16.3578
0.946304,1,-1.86296,10.3075
0.881375,1,-2.72828,14.1227
0.949817,1,-3.24561,-3.70712
0.949906,1,-3.5067,-16.3537
0.319394,0,-2.26756,27.221
0.0467141,0,5.34381,83.5863
0.934261,1,0.00168521,20.1049
0.6482,0,-2.47381,19.1243
0.949908,1,-4.88339,-33.9025
0.949907,1,-4.24066,-24.9742
0.0467264,0,8.14111,84.0517
0.949908,1,-5.4298,-34.727
0.949891,1,-4.44914,-12.1166
0.914915,0,-3.59847,9.54506
0.0477892,0,4.82738,62.9254
0.0581032,0,3.22708,50.916
0.0623152,0,4.4357,51.8092
0.947744,0,-2.41943,7.17476
0.908121,1,-3.17005,11.4541
0.34027,1,2.15278,36.9768
0.949722,1,0.697368,8.62455
0.941949,1,-2.37304,10.4614
0.921267,0,0.991167,24.7617
0.949903,1,-4.21855,-15.0438
0.949903,1,-4.7888,-16.6039
0.847585,1,-0.997488,21.0572
0.0467057,0,7.08489,95.6788
0.949397,0,-0.559078,9.13203
0.94985,1,-2.29283,-2.23908
0.915134,1,-2.92498,11.9056
0.0743404,0,1.39678,44.5733
0.94989,1,-2.42686,-6.4415
0.0467089,0,9.53321,92.9452
0.947439,1,-0.847772,12.6916
0.0478445,0,5.779,64.2098
0.32666,0,0.236437,32.2975
0.300917,1,1.61667,36.1122
0.914792,1,-1.20457,17.9183
0.949908,1,-8.84197,-40.7368
0.187292,0,2.22761,39.7124
0.949702,1,0.217315,8.04257
0.949907,1,-3.93324,-20.0724
0.053037,0,5.04656,56.2746
0.949907,1,-4.98777,-26.0321
0.049061,0,3.03952,57.0924
0.949908,1,-9.26282,-43.3946
0.368136,1,-0.347844,30.083
0.949906,1,-6.84248,-25.8015
0.046942,0,6.00571,70.9619
0.944475,1,-4.4148,2.42529
0.946715,1,1.34809,19.8772
0.0480407,0,5.47357,63.0772
0.13674,0,0.556525,38.3868
0.0572121,0,1.97996,49.3749
0.0514464,0,2.05884,52.7791
0.0468148,0,3.45425,70.5506
0.0471005,0,5.85254,68.6204
0.0467049,0,7.84702,106.894
0.367739,1,-1.30184,27.7634
0.949747,1,1.3818,9.30671
0.94262,1,-0.784208,15.6466
0.0563185,0,3.31817,51.738
0.942378,0,3.26203,27.2882
0.597477,0,1.53061,32.6138
0.948499,1,-4.35336,-0.524227
0.78916,1,0.69239,27.7855
0.274504,0,0.474837,33.8975
0.0473037,0,6.06738,67.2621
0.949906,1,-3.61895,-17.18
0.933102,1,-1.00719,16.9015
0.949907,1,-5.02054,-26.5308
0.0546666,0,2.45706,51.2086
0.949608,1,-1.89274,3.73074
0.949005,1,-2.76858,3.83125
0.0471846,0,5.65618,67.5308
0.804926,0,-1.29621,20.8782
0.0510944,0,0.785804,51.3047
0.494287,0,-2.54351,21.3997
0.949792,1,-4.66334,-7.65818
0.921073,1,-1.07976,17.8992
0.949908,1,-4.17515,-32.3072
0.948265,1,1.93589,19.1043
0.94972,1,0.179111,7.62859
0.0504582,0,1.68433,53.2231
0.0470366,0,5.79532,69.2603
0.0473151,0,1.41205,60.4727
0.540452,0,-3.39497,17.7265
0.948877,1,0.32447,13.6708
0.0467284,0,6.18599,80.8686
0.949715,1,-6.52218,-12.8367
0.0516109,0,6.30031,59.7233
0.949756,1,-4.91362,-7.83342
0.949904,1,-4.45747,-16.963
0.945692,1,-2.28403,9.25679
0.949889,1,-5.85668,-16.2023
0.0468265,0,2.95553,69.4275
0.949206,1,0.721445,13.4238
0.0472297,0,0.908834,60.4052
0.321171,0,-0.813879,30.028
0.948608,1,-5.08823,-3.28919
0.942639,1,-0.947381,15.0979
0.118221,0,1.72418,41.2691
0.061212,0,1.17283,46.8862
0.949729,1,-2.65242,-0.0226259
0.949883,1,-4.05452,-9.77529
0.0494355,0,6.00173,61.2144
0.0953448,0,5.55772,50.9059
0.0467946,0,6.0899,75.126
0.949906,1,-5.44787,-21.7677
0.04672,0,2.91631,78.1432
0.241352,0,-0.171804,33.4213
0.0556215,0,0.658763,48.1715
0.0467356,0,6.55682,80.282
0.376503,0,-2.33531,25.1259
0.949906,1,-5.31915,-21.3579
0.948821,1,-0.605502,11.2096
0.947034,1,-0.52335,14.1189
0.805565,0,-0.461232,23.7031
0.949907,1,-3.85976,-20.0738
0.949889,1,-3.60862,-9.36488
0.183967,0,2.51189,40.4331
0.949893,1,-4.64889,-13.0337
0.0887022,0,0.342743,41.3096
0.948831,1,0.475461,14.2052
0.0499461,0,-0.807138,50.3482
0.949689,1,-1.48278,4.01268
0.047541,0,4.78563,63.9368
0.949905,1,-4.92178,-18.5683
0.949892,1,-3.81232,-10.3931
0.810182,0,0.560741,27.0181
0.046705,0,8.78571,104.464
0.0472355,0,3.0898,63.4106
0.046844,0,6.98707,74.638
0.9221,0,0.692671,23.7334
0.949563,1,-2.14479,3.34765
0.226614,0,0.635115,35.3722
0.9493,0,-2.28505,4.41115
0.949889,1,-3.67694,-9.44393
0.949871,1,-2.39952,-3.95913
0.949499,1,-1.94302,4.4362
0.092571,0,3.55805,46.3213
0.949907,1,-3.28202,-21.3779
0.0467449,0,1.93551,72.6839
0.0470618,0,5.45233,68.4483
0.947527,1,-1.28454,11.1895
0.949733,1,-2.09495,1.59563
0.0735322,0,-0.579423,41.8617
0.949877,1,-1.48794,-2.37263
0.047271,0,3.50365,63.7218
0.0517797,0,2.46572,53.0793
0.527477,0,2.09296,34.9366
0.946889,1,-3.75165,3.38241
0.192811,0,0.733634,36.524
0.949888,1,-4.05086,-10.351
0.0519366,0,3.53868,54.5332
0.0472761,0,3.38466,63.5166
0.144311,0,0.862725,38.5327
0.709511,1,-0.224072,25.8618
0.0572066,1,1.5378,48.7403
0.210798,1,-1.92775,31.5731
0.883369,0,1.54676,28.4952
0.949902,1,-4.51037,-15.6697
0.949906,1,-1.70414,-14.8842
0.0648311,0,4.68894,51.7924
0.949898,1,-3.10159,-9.95911
0.161299,0,-2.10166,33.2995
0.738657,0,4.09042,38.8084
0.949786,1,-3.15533,-2.63102
0.0469625,0,5.69714,70.1617
0.0469394,0,4.28738,68.5315
0.834513,1,-1.40828,19.9319
0.946452,1,-0.311956,15.2714
0.658632,0,-1.41474,22.5566
0.0600509,0,-3.93616,40.0712
0.949907,1,-3.14962,-20.031
0.908784,1,-0.0605743,22.1604
0.0472745,0,2.96088,62.9314
0.0467069,0,8.29792,94.0943
0.061085,0,4.6428,52.5066
0.949871,1,-1.44916,-1.68894
0.744219,1,-2.49653,17.6992
0.0764098,0,2.84021,46.5526
0.949908,1,-5.72374,-42.9621
0.0552084,0,2.25705,50.6466
0.949907,1,-3.80465,-24.9768
0.949908,1,-8.25981,-41.347
0.949372,1,-4.03204,-1.73747
0.877459,1,-0.283823,22.6912
0.0798963,0,1.26674,43.6347
0.949907,1,-3.67222,-23.0346
0.949907,1,-3.13343,-23.53
0.11877,0,-0.648111,37.5674
0.568832,0,-2.87807,18.9447
0.0469803,0,7.84729,73.358
0.949825,1,-1.62538,0.623948
0.0470827,0,2.24657,63.6587
0.0980463,0,1.62938,42.4295
0.102651,0,2.48233,43.5472
0.949786,1,-2.37994,-0.276231
0.0467127,0,7.41321,87.2204
0.0467304,0,2.85335,75.8691
0.949907,1,-3.60379,-26.6007
0.0469854,0,6.08703,70.3891
0.949905,1,-6.53574,-23.2895
0.913737,1,-3.2095,10.992
0.049868,0,4.52405,58.0947
0.949764,1,-2.94107,-1.50926
0.0469156,0,6.10956,71.6034
0.949343,1,-3.84644,-0.972087
0.0629933,0,2.12378,47.7969
0.0469236,0,2.89307,66.8677
0.0482342,0,3.97116,60.2372
0.0472064,0,4.15002,65.1477
0.949351,1,-4.2543,-2.40432
0.0527724,0,1.56839,51.0567
0.948799,1,-5.28392,-4.35228
0.949905,1,-3.40947,-15.4584
0.106527,0,1.42424,41.4851
0.946992,1,-4.1574,1.87999
0.0474588,0,5.80919,65.9206
0.0475473,0,2.23195,60.262
0.949833,1,-1.49842,0.620026
0.949847,1,-2.75075,-3.35223
0.0467133,0,6.69562,85.8664
0.0472417,0,3.51147,63.9559
0.0527963,0,1.96641,51.6066
0.946902,1,1.16691,19.2103
0.918509,0,1.04612,25.1561
0.931876,1,-0.0080227,20.4141
0.949906,1,-6.65999,-24.8168
0.0848915,0,1.76079,43.8203
0.949157,1,-4.11944,-1.21886
0.949902,1,-2.40111,-10.1704
0.944794,1,-0.347049,16.1821
0.949908,1,-7.26157,-38.2381
0.949907,1,-3.13421,-22.1031
0.0876907,0,0.473281,41.6005
0.0574215,0,2.31206,49.7788
0.0519586,0,2.10611,52.4201
0.0468288,0,6.03113,73.6962
0.949872,1,-2.52357,-4.35215
0.949241,1,0.34235,12.3353
0.0477271,0,5.89222,64.8297
0.645789,0,0.0543772,27.5171
0.949473,1,-1.01566,7.37064
0.949903,1,-1.74471,-10.0998
0.0475594,0,2.89702,61.1363
0.0517174,0,3.16345,54.1469
0.949907,1,-3.78295,-22.6272
0.0472689,0,5.84328,67.153
0.0467051,0,11.5472,107.041
0.0479203,0,5.21208,63.0455
0.0498692,0,4.26576,57.6894
0.949905,1,-3.249,-14.4548
0.948819,1,1.58551,16.8941
0.94953,1,-0.895155,7.29271
0.672248,0,-0.897065,24.1048
0.949857,1,-1.69534,-1.1246
0.949621,1,-3.78508,-2.44481
0.929938,1,1.44366,25.2882
0.0479468,0,3.41734,60.3064
0.948706,1,-3.03809,3.63129
0.0568286,0,3.55204,51.9023
0.949877,1,-3.29988,-6.94787
0.0467074,0,8.4305,93.3752
0.949897,1,-4.42407,-13.3516
0.948985,1,2.14412,17.4306
0.949907,1,-6.97374,-28.6295
0.948313,1,0.89563,16.5313
0.165263,0,0.648475,37.3175
0.0471497,0,7.09648,70.1576
0.94989,1,-3.26791,-8.62622
0.0470888,0,4.71094,67.068
0.949606,1,-1.40971,5.17608
0.935358,1,-3.5882,7.60453
0.144839,0,1.25284,39.175
0.0501021,0,4.32712,57.4972
0.949646,1,-2.78251,0.601006
0.49071,0,-1.32892,25.1885
0.949895,1,-2.65809,-8.16077
0.949907,1,-6.66918,-32.484
0.949686,1,-2.13678,2.15345
0.949905,1,-5.21518,-20.1077
0.948194,1,-0.518479,12.74
0.0490959,0,4.43922,59.0961
0.0467784,0,7.04232,77.349
0.0468371,0,5.59524,72.7961
0.949906,1,-3.8801,-17.1526
0.949759,1,-4.34823,-5.97176
0.773719,0,3.38564,36.3312
0.894615,0,3.13169,32.8258
0.949884,1,-3.98808,-9.71384
0.791961,0,2.34852,32.9711
0.75078,0,-3.05132,15.6709
0.0874976,0,4.82464,49.5167
0.949228,1,0.0601244,11.6742
0.0467061,0,4.05933,90.0144
0.0542828,0,3.45866,52.9109
0.941026,1,-1.60276,13.3691
0.949898,1,-2.85156,-9.61307
0.0468349,0,3.72975,70.2287
0.920919,1,0.109003,21.9208
0.949907,1,-7.29368,-33.0095
0.949887,1,-2.90035,-7.10292
0.949871,1,-5.04133,-11.8422
0.925907,1,-3.63872,8.55778
0.949308,1,-2.57735,3.42796
0.046935,0,5.70931,70.6484
0.945435,1,0.66459,18.9485
0.949447,1,-4.02788,-2.09259
0.0572988,0,3.20767,51.1775
0.948727,1,-0.834538,10.7516
0.949763,1,0.792147,7.85312
0.43177,0,-2.35594,23.4227
0.949906,1,-5.14101,-20.786
0.0468727,0,5.69353,71.9407
0.949553,1,-3.86825,-2.19165
0.949907,1,-6.09347,-29.3502
0.949887,1,-2.60964,-6.38236
0.949907,1,-3.36212,-19.8845
0.943022,1,-2.02966,11.3027
0.0479226,0,2.9041,59.6598
0.949822,1,-3.81828,-5.65559
0.772725,1,0.302076,26.754
0.949657,1,0.245018,8.79749
0.949534,1,-2.87386,1.23993
0.373872,1,-1.66521,26.7468
0.946376,1,3.00783,24.0869
0.172608,0,2.64033,41.012
0.0467211,0,5.90601,82.0277
0.949904,1,-4.87527,-17.6111
0.4877,0,5.41847,44.8639
0.0530822,0,4.55055,55.3652
0.949808,1,-0.471144,3.98954
0.949906,1,-3.51431,-18.5392
0.576671,0,-1.58397,23.0882
0.056049,0,4.48962,53.7983
0.949903,1,-3.01475,-12.678
0.0499453,0,3.57326,56.5472
0.154015,0,2.22582,40.671
0.932356,1,0.422117,21.7526
0.948548,0,-2.0223,7.34371
0.0468325,0,8.30896,77.1569
0.949848,1,-2.91384,-3.90688
0.949181,1,0.673784,13.4291
0.409591,1,-0.080963,30.065
0.949815,1,-1.49267,1.31737
0.0532672,0,2.85015,52.5787
0.0472335,0,3.05084,63.3718
0.945846,1,-0.697589,14.4628
0.0468264,0,7.68247,76.2856
0.0471075,0,4.6647,66.8028
0.949761,0,-3.79117,-4.16193
0.946117,1,-3.09237,6.21663
0.949757,1,-2.55779,-0.198026
0.0467446,0,5.5137,77.7287
0.949894,1,-2.34604,-7.15837
0.949901,1,-2.1429,-9.59828
0.948689,1,0.95775,15.8235
0.0621434,0,4.6989,52.3682
0.651698,1,-0.156583,26.7717
0.0754572,0,-1.63986,40.0851
0.949887,1,-3.86943,-9.71652
0.941194,1,-0.968741,15.4682
0.94981,1,-3.604,-4.6341
0.949906,1,-2.75726,-15.7705
0.930572,1,-3.31865,9.19948
0.048804,0,2.87918,57.3451
0.108367,0,0.585094,40.0562
0.94943,1,-2.06003,4.49596
0.0485842,0,4.88968,60.7731
0.941485,1,1.52034,23.2097
0.949875,1,2.12912,3.86371
0.047141,0,5.70422,67.9951
0.949833,1,-2.89664,-3.20554
0.0476034,0,5.54782,64.7974
0.942062,0,1.01785,21.5448
0.949692,1,-1.28411,4.52276
0.196238,0,1.96447,38.9114
0.0661649,0,4.3525,50.8646
0.949901,1,-4.69263,-15.368
0.179533,0,1.12034,37.6641
0.0484324,0,3.60623,59.2007
0.880787,1,-0.413601,22.1462
0.932662,0,-3.79721,7.25255
0.722263,0,0.904782,29.36
0.947732,0,-2.90971,5.51704
0.949852,1,-5.42909,-12.0878
0.949902,1,-2.51154,-10.9471
0.0467251,0,6.33757,81.7135
0.94934,0,1.60266,14.5672
0.948858,1,-0.95048,10.0735
0.949903,1,-3.58412,-13.9663
0.949544,1,-3.93067,-2.3453
0.353276,1,0.943833,33.6238
0.317899,0,-0.611372,30.5462
0.0470103,0,2.27991,64.6028
0.0468449,0,5.16725,71.943
0.0479547,0,2.30284,58.7027
0.949762,1,-3.37495,-2.84758
0.941446,1,-0.0431353,18.4416
0.949905,1,-4.16433,-16.6386
0.94876,1,-5.38561,-4.62999
0.948859,1,-0.0667448,12.6597
0.0468482,0,6.29474,73.4749
0.937267,1,1.19207,23.3422
0.949907,1,-7.13325,-34.1511
0.948035,1,-1.74174,9.08061
0.0468021,0,3.82749,71.5922
0.0467744,0,2.40373,71.0149
0.177466,0,1.93026,39.3345
0.949907,1,-5.84407,-26.8562
0.949907,1,-5.73385,-28.8617
0.949739,0,-4.52963,-6.27595
0.949908,1,-6.7337,-34.3515
0.102893,0,0.0175917,39.6121
0.949658,1,-5.74719,-9.51286
0.0467053,0,9.94687,102.568
0.492927,0,1.0735,32.2849
0.113874,0,0.916335,40.2039
0.274465,0,-2.98755,27.6906
0.047243,0,6.96316,69.1811
0.945958,1,-0.756343,14.2012
0.191886,0,1.7888,38.643
0.949908,1,-5.24551,-36.1209
0.949826,1,-5.48845,-11.3063
0.0467105,0,5.529,85.9407
0.949902,1,-3.03492,-11.7841
0.949908,1,-5.83749,-40.7677
0.949908,1,-5.76993,-39.0663
0.947289,1,0.419316,16.7177
0.949639,1,-1.20898,5.40091
0.926112,0,-0.883828,18.1281
0.0467077,0,10.4823,95.7942
0.134716,0,6.17408,51.1888
0.949906,1,-3.50754,-17.6929
0.949907,1,-1.93668,-18.5286
0.0486766,0,5.1922,61.0615
0.908743,1,3.33674,32.6358
0.948995,1,-1.554,7.82122
0.0467048,0,9.69862,114.566
0.949904,1,-3.34271,-13.9125
0.7415,0,-4.06268,12.2637
0.0493236,0,4.82143,59.3272
0.847787,1,0.113755,24.8077
0.107081,0,2.32845,42.9847
0.948495,1,-3.26427,3.25444
0.683755,0,0.3401,28.0013
0.949741,1,-1.30718,3.68081
0.935301,1,0.868688,22.7175
0.182762,0,-0.224342,35.2199
0.949907,1,-4.22669,-22.7327
0.949579,1,-1.03793,6.48251
0.27333,0,1.74913,36.8759
0.948848,1,2.22218,18.0986
0.0489883,0,2.97448,57.1299
0.058307,0,-0.0588806,46.0692
0.931209,1,-0.767772,17.9624
0.949823,1,-2.61819,-2.02572
0.934125,1,0.341334,21.2321
0.949795,1,-0.609477,4.11113
0.879103,1,2.25824,30.8458
0.365838,1,1.39002,34.6266
0.94107,1,-2.66182,9.70434
0.94989,1,-4.5319,-12.1315
0.949525,1,-2.46453,2.62296
0.0500573,0,5.77873,60.0243
0.0626516,0,5.66856,54.3928
0.896717,0,-0.656797,20.7294
0.0481337,0,6.97028,65.5107
0.949907,1,-3.40135,-20.2331
0.291023,1,0.29392,33.1435
0.949893,1,-4.68794,-13.2139
0.946905,1,-1.66921,10.507
0.495314,0,-0.32161,28.1421
0.0467071,0,8.40167,93.8384
0.94985,1,-2.66201,-3.26282
0.775134,1,-0.692738,23.4108
0.947325,1,0.152197,15.8957
0.949512,1,1.75797,13.4904
0.715171,1,-0.211916,25.831
0.0493016,0,3.57657,57.4664
0.0468203,0,8.15306,77.2763
0.949853,1,-0.317967,2.06723
0.949478,1,-4.61158,-4.26582
0.931972,1,-4.16518,6.03983
0.930869,0,-0.909339,17.5248
0.0483574,0,1.96857,57.0599
0.949872,1,-4.39821,-9.8191
0.914599,1,-4.0902,7.82492
0.948296,1,4.26627,23.2346
0.949369,1,-0.528909,9.37912
0.0467067,0,4.88614,89.6952
0.949908,1,-7.32905,-36.4839
0.106673,0,-1.3919,37.316
0.0610034,0,3.60403,50.6395
0.929996,1,-1.89171,14.256
0.184129,0,3.32619,42.3636
0.05145,0,2.74246,53.757
0.949636,1,-1.53381,4.51729
0.949902,1,-3.65438,-13.498
0.0661173,0,4.27382,50.7184
0.0813441,0,-0.546043,40.8445
0.946651,1,0.13906,16.5008
0.572676,0,2.17953,34.7878
0.949863,1,-1.86414,-2.0082
0.949586,1,-2.88917,0.804859
0.949901,1,-2.17395,-9.44399
0.0555956,0,4.07118,53.263
0.949667,1,-1.65237,3.81526
0.048296,0,3.38873,59.2304
0.0467538,0,3.34345,73.8098
0.0467293,0,8.07021,83.4236
0.949907,1,-7.10753,-30.5765
0.949908,1,-5.85044,-34.2488
0.0555311,0,3.60588,52.5319
0.0500997,0,7.96294,65.0072
0.949863,1,-0.394425,1.14375
0.944673,0,-2.72685,8.24867
0.0472827,0,3.65044,63.8437
0.949907,1,-5.78116,-25.8095
0.460548,0,3.07644,38.3633
0.845364,1,-2.6035,15.542
0.0481145,0,6.16981,64.0396
0.949627,1,-0.889845,6.40527
0.949534,1,0.321109,10.3524
0.929254,1,2.73195,29.1102
0.0696761,0,0.685825,44.2977
0.0468702,0,6.96167,73.895
0.0532356,0,0.687742,49.5082
0.0474392,0,5.6355,65.7553
0.0470569,0,6.16576,69.5774
0.0467269,0,5.3659,79.9987
0.949886,1,-4.32394,-10.9279
0.949887,1,-1.6116,-4.0731
0.0469986,0,5.60882,69.4884
0.949907,1,-4.76375,-23.4973
0.949886,1,-1.32122,-3.34771
0.949838,1,-1.39608,0.62222
0.160222,0,-0.337488,35.9329
0.932913,1,-2.04268,13.3694
0.0470977,0,6.10703,69.0381
0.443939,0,-2.06769,23.9258
0.94132,1,0.246966,19.4064
0.0619314,0,2.50819,48.6472
0.194902,0,0.0455072,35.2373
0.949907,1,-5.14038,-22.9092
0.941384,0,-1.45103,13.7875
0.949902,1,-3.13202,-12.2182
0.948869,1,-1.34415,8.82679
0.949896,1,-1.98284,-7.06061
0.949812,1,-0.309265,4.17999
0.0505123,0,4.29481,56.9866
0.949421,1,-1.73086,5.57114
0.0567183,0,2.26572,49.9885
0.050088,0,3.57833,56.3773
0.0478877,0,1.40282,57.6727
0.435409,1,-2.13516,23.9401
0.949908,1,-10.6635,-46.6334
0.939558,0,-4.02726,5.27775
0.944958,1,0.0711069,17.42
0.946887,1,0.838762,18.3261
0.484718,0,0.911863,31.9015
0.744131,1,-3.63891,13.714
0.253532,0,1.23077,36.0169
0.814165,1,-0.96869,21.8329
0.585128,1,-4.42591,13.3969
0.949168,1,0.309101,12.5865
0.0477233,0,4.60609,62.8547
0.0474063,0,3.43944,62.7314
0.0528244,0,4.18488,54.9159
0.875191,0,0.202348,24.3903
0.0547854,0,3.59294,52.8631
0.949783,1,-1.4332,2.43164
0.370298,0,2.48641,37.5461
0.949408,1,-0.3959,9.5089
0.949766,1,-1.16653,3.52167
0.0473003,0,5.05092,65.7346
0.0584581,0,1.81708,48.6787
0.0470316,0,4.51884,67.4686
0.0471804,0,1.70533,61.9333
0.947708,1,-1.24463,11.1157
0.0546313,1,4.01484,53.6179
0.287421,0,0.476397,33.6273
0.0472506,0,4.43718,65.2047
0.0496522,0,4.18877,57.86
0.949796,1,-0.252289,4.83836
0.313735,0,-0.185057,31.5836
0.189196,0,3.41153,42.4706
0.949893,1,-4.26227,-11.9199
0.0555409,0,3.50523,52.3682
0.0541445,0,5.25014,56.0676
0.047719,0,5.16502,63.7115
0.949904,1,-5.15694,-18.4952
0.949896,1,-2.49917,-8.13942
0.949903,1,-1.75262,-10.0675
0.110727,0,1.23698,40.9086
0.905963,1,-2.22192,14.895
0.0472291,0,5.72349,67.2683
0.948846,1,-1.51711,8.33987
0.620074,1,0.500284,29.2124
0.949908,1,-0.736938,-34.0171
0.138342,0,1.35202,39.63
0.0469961,0,1.38315,63.5506
0.949879,1,-5.33318,-13.4018
0.903206,1,-4.7209,6.21212
0.0789347,0,2.59666,45.8312
0.0471686,0,5.10346,66.8495
0.949696,1,1.07794,9.84801
0.37454,0,1.86274,35.7951
0.875596,0,-0.151754,23.1934
0.588969,0,2.07019,34.3157
0.687445,1,-0.0535285,26.6868
0.756828,1,-6.17829,4.52812
0.918042,1,2.97424,30.9606
0.120316,0,5.1903,48.8455
0.083238,0,1.91967,44.2459
0.946127,1,0.692297,18.557
0.949783,1,-2.07822,0.66599
0.949908,1,-4.54552,-30.6866
0.948849,1,-2.82115,4.0521
0.949899,1,-1.60663,-7.25669
0.046713,0,6.05664,85.1345
0.107832,0,3.61776,45.5069
0.0467079,0,6.35477,89.6037
0.103702,0,1.69143,42.1133
0.0472802,0,3.3084,63.3787
0.949908,1,-5.97405,-47.9646
0.949874,1,-2.09024,-3.43952
0.0478856,0,3.7643,61.0146
0.949907,1,-5.0589,-22.571
0.949662,1,-0.953003,5.82323
0.0521734,0,3.11463,53.7173
0.948481,1,-0.677229,11.7525
0.949862,1,-4.80928,-10.5367
0.0647943,0,4.32349,51.0655
0.949906,1,-2.64731,-15.3662
0.949892,1,1.1296,-0.726425
0.949899,1,-4.65042,-14.5
0.949883,1,-1.58923,-3.47363
0.0467897,0,5.35321,74.3099
0.150516,1,-2.37024,33.413
0.949818,1,-3.65622,-5.03382
0.0481539,0,0.891238,56.103
0.949908,1,-7.87398,-36.5971
0.949876,1,-1.47282,-2.31913
0.277379,0,-0.0969122,32.6167
0.0467085,0,7.28097,90.2074
0.0468179,0,7.60911,76.4605
0.946684,1,-1.21419,12.1909
0.107651,0,3.44242,45.1375
0.949494,1,-1.82772,4.82387
0.0531755,0,2.23589,51.7427
0.867866,1,3.36339,34.4538
0.902163,1,-1.60631,17.2234
0.374855,0,-5.75628,18.8314
0.949908,1,-9.18968,-50.8293
0.94948,1,-2.87196,1.5928
0.949549,1,-3.76689,-1.82277
